但愿,04月07日,挟持,https://img2.woyaogexing.com/2022/04/07/5758611c3e734c74a9760babf44e1677!400x400.png
生来为享受，半点不将就,03月17日,嚭..,https://img2.woyaogexing.com/2022/03/17/a3a9e00ae22949b88ed6f9ae4322356b!400x400.jpeg
<高质量>小众    /野格.,02月02日,ㅤ野格ㅤ,https://img2.woyaogexing.com/2022/02/02/89ce67613ad74446b7361446586097d8!400x400.jpeg
微信头像+背景,01月27日,丹尼①⑧,https://img2.woyaogexing.com/2022/01/27/ec00d611d1304ac8bba9dc02d9952526!400x400.jpeg
.,01月22日,15318HN02v,https://img2.woyaogexing.com/2022/01/22/35e581b5a1244c02b059e2a064c1f3a8!400x400.jpeg
迪士尼,01月18日,ғᵃⁿ烦烦,https://img2.woyaogexing.com/2022/01/18/8ffeb2a07cd14ea2ad79115cec9d3288!400x400.jpeg
朋友圈背景图欧美,01月14日,松可梅子,https://img2.woyaogexing.com/2022/01/14/970abd79d33543f3a92448d974e4474e!400x400.jpeg
****♡***♡°°ᖭི༏ᖫྀ°,01月14日,松可梅子,https://img2.woyaogexing.com/2022/01/14/3ee2f88d758445fda9b74e8503ba115d!400x400.jpeg
西游记里犯最严重的错 才会被,12月16日,松可梅子,https://img2.woyaogexing.com/2021/12/16/0672983b2f8f4062bea2ba007eec2653!400x400.jpeg
把目光放在自己身上，外面的喧嚣,11月26日,风中king,https://img2.woyaogexing.com/2021/11/26/d2673a776e704dfebaafe1679b276a85!400x400.jpeg
很真诚 见不见面都在想念.,11月25日,凡凡的小窝,https://img2.woyaogexing.com/2021/11/25/5296c3b3a1704960a65124eb127a20bc!400x400.jpeg
好看1.0,11月21日,山野都有雾,https://img2.woyaogexing.com/2021/11/21/904616d9a98841eea49818e7c78025c9!400x400.jpeg
Kim Jisoo.,11月14日,ε恋逸日记,https://img2.woyaogexing.com/2021/11/14/35beb404a0b5436d8fb35715f6ecd3f3!400x400.jpeg
御姐壁纸～,10月22日,桃子吖丶,https://img2.woyaogexing.com/2021/10/22/950b54d9ad134583bd2e9e68d255b999!400x400.jpeg
♡,08月26日,♡M.,https://img2.woyaogexing.com/2021/08/26/89bedfe29550454d80b96558ca662c6d!400x400.jpeg
你的慢热和腼腆在别人眼里成了,08月01日,苏盛锦,https://img2.woyaogexing.com/2021/08/01/bcf6c267673c4b4e8a7c619370fe577c!400x400.jpeg
日出于东却落于西，相识人海却散,07月23日,要不要吃糖,https://img2.woyaogexing.com/2021/07/23/e6b89c06ae254a4ca6066e5f3f1f6018!400x400.jpeg
我无法阻止自己落俗，但可浪漫不,07月13日,要不要吃糖,https://img2.woyaogexing.com/2021/07/13/876846cf5fbc4497b4dff86fb484034e!400x400.jpeg
RC|?|He will love the sunset,07月06日,RICH阮春花,https://img2.woyaogexing.com/2021/07/06/f65e3d83adc444f3a383806bd4ebe2b1!400x400.jpeg
네가 나한테 소중한 사람이니,05月16日,江酒甜,https://img2.woyaogexing.com/2021/05/16/b3d16f79b3894c1586700548b1d63067!400x400.jpeg
闭上你的嘴，除非你在牙医的椅子,05月05日,落地.,https://img2.woyaogexing.com/2021/05/05/967a09a74e844368a21b1af9145de8c5!400x400.png
彩色头像,04月26日,18573KFPFc,https://img2.woyaogexing.com/2021/04/26/1b88919519dc4730b604f1a7a542d1b4!400x400.jpeg
霉霉.,04月20日,relelelele,https://img2.woyaogexing.com/2021/04/20/cb266363a0014f12a6095aef4df50ff3!400x400.jpeg
欧美图片漫画女生,03月26日,异客kekeke,https://img2.woyaogexing.com/2021/03/26/fbef9fc41cd546a6b24d9938846d5c61!400x400.jpeg
但愿,04月07日,挟持,https://img2.woyaogexing.com/2022/04/07/5758611c3e734c74a9760babf44e1677!400x400.png
生来为享受，半点不将就,03月17日,嚭..,https://img2.woyaogexing.com/2022/03/17/a3a9e00ae22949b88ed6f9ae4322356b!400x400.jpeg
<高质量>小众    /野格.,02月02日,ㅤ野格ㅤ,https://img2.woyaogexing.com/2022/02/02/89ce67613ad74446b7361446586097d8!400x400.jpeg
微信头像+背景,01月27日,丹尼①⑧,https://img2.woyaogexing.com/2022/01/27/ec00d611d1304ac8bba9dc02d9952526!400x400.jpeg
.,01月22日,15318HN02v,https://img2.woyaogexing.com/2022/01/22/35e581b5a1244c02b059e2a064c1f3a8!400x400.jpeg
迪士尼,01月18日,ғᵃⁿ烦烦,https://img2.woyaogexing.com/2022/01/18/8ffeb2a07cd14ea2ad79115cec9d3288!400x400.jpeg
朋友圈背景图欧美,01月14日,松可梅子,https://img2.woyaogexing.com/2022/01/14/970abd79d33543f3a92448d974e4474e!400x400.jpeg
****♡***♡°°ᖭི༏ᖫྀ°,01月14日,松可梅子,https://img2.woyaogexing.com/2022/01/14/3ee2f88d758445fda9b74e8503ba115d!400x400.jpeg
西游记里犯最严重的错 才会被,12月16日,松可梅子,https://img2.woyaogexing.com/2021/12/16/0672983b2f8f4062bea2ba007eec2653!400x400.jpeg
把目光放在自己身上，外面的喧嚣,11月26日,风中king,https://img2.woyaogexing.com/2021/11/26/d2673a776e704dfebaafe1679b276a85!400x400.jpeg
很真诚 见不见面都在想念.,11月25日,凡凡的小窝,https://img2.woyaogexing.com/2021/11/25/5296c3b3a1704960a65124eb127a20bc!400x400.jpeg
好看1.0,11月21日,山野都有雾,https://img2.woyaogexing.com/2021/11/21/904616d9a98841eea49818e7c78025c9!400x400.jpeg
Kim Jisoo.,11月14日,ε恋逸日记,https://img2.woyaogexing.com/2021/11/14/35beb404a0b5436d8fb35715f6ecd3f3!400x400.jpeg
御姐壁纸～,10月22日,桃子吖丶,https://img2.woyaogexing.com/2021/10/22/950b54d9ad134583bd2e9e68d255b999!400x400.jpeg
♡,08月26日,♡M.,https://img2.woyaogexing.com/2021/08/26/89bedfe29550454d80b96558ca662c6d!400x400.jpeg
你的慢热和腼腆在别人眼里成了,08月01日,苏盛锦,https://img2.woyaogexing.com/2021/08/01/bcf6c267673c4b4e8a7c619370fe577c!400x400.jpeg
日出于东却落于西，相识人海却散,07月23日,要不要吃糖,https://img2.woyaogexing.com/2021/07/23/e6b89c06ae254a4ca6066e5f3f1f6018!400x400.jpeg
我无法阻止自己落俗，但可浪漫不,07月13日,要不要吃糖,https://img2.woyaogexing.com/2021/07/13/876846cf5fbc4497b4dff86fb484034e!400x400.jpeg
RC|?|He will love the sunset,07月06日,RICH阮春花,https://img2.woyaogexing.com/2021/07/06/f65e3d83adc444f3a383806bd4ebe2b1!400x400.jpeg
네가 나한테 소중한 사람이니,05月16日,江酒甜,https://img2.woyaogexing.com/2021/05/16/b3d16f79b3894c1586700548b1d63067!400x400.jpeg
闭上你的嘴，除非你在牙医的椅子,05月05日,落地.,https://img2.woyaogexing.com/2021/05/05/967a09a74e844368a21b1af9145de8c5!400x400.png
彩色头像,04月26日,18573KFPFc,https://img2.woyaogexing.com/2021/04/26/1b88919519dc4730b604f1a7a542d1b4!400x400.jpeg
霉霉.,04月20日,relelelele,https://img2.woyaogexing.com/2021/04/20/cb266363a0014f12a6095aef4df50ff3!400x400.jpeg
欧美图片漫画女生,03月26日,异客kekeke,https://img2.woyaogexing.com/2021/03/26/fbef9fc41cd546a6b24d9938846d5c61!400x400.jpeg
Lisa图片,02月27日,芜荑.,https://img2.woyaogexing.com/2021/02/27/28839b26510042a8b72c496a4c32ca6a!400x400.jpeg
Rosè的美图 第一期,02月27日,芜荑.,https://img2.woyaogexing.com/2021/02/27/0964067f95924554870f5b76be4f544b!400x400.jpeg
|别人看不到你苦苦支撑的样子,02月08日,Z.7_0.094,https://img2.woyaogexing.com/2021/02/08/fe374f03aef2494c958be2abf8edb496!400x400.jpeg
都没对象，叫我句宝贝怎么了？,02月08日,Gɴᴇᴍᴏ,https://img2.woyaogexing.com/2021/02/08/6fe6b169da474dcf9cd902739bbe4cdb!400x400.jpeg
Taylor Swift,01月29日,AK纵火犯.,https://img2.woyaogexing.com/2021/01/29/f8529ebb025d45b590651a2958d0f1ef!400x400.jpeg
伊莎贝尔奥特曼＃海蒂和爷爷＃,01月23日,ʚ萘樱媄萊,https://img2.woyaogexing.com/2021/01/23/5f59f0109b87401f9037b72cfbc4b046!400x400.jpeg
“一定要和喜欢的人看海.”,12月14日,小音甜,https://img2.woyaogexing.com/2020/12/14/8e0392d48b604070b6e71200f5b7fed3!400x400.jpeg
O,11月29日,秦淮声-,https://img2.woyaogexing.com/2020/11/29/1628e3ab313c4b92a02934cdd2a1f432!400x400.jpeg
欧美//祝我们好在春夏秋冬,11月22日,秦淮声-,https://img2.woyaogexing.com/2020/11/22/a4b5eba4314445e78d5b836c9dac87bf!400x400.jpeg
好看的?,10月25日,放肆德依赖,https://img2.woyaogexing.com/2020/10/25/5f34665089c74ea7ad5989ec520428b7!400x400.jpeg
欧美风个女生头像。,10月07日,秋池,https://img2.woyaogexing.com/2020/10/07/8678fe17479f4a6d8ff70485a6a0b42d!400x400.jpeg
唯美欧美美女,09月25日,咬掉月亮.,https://img2.woyaogexing.com/2020/09/25/1ca9d7521bf94c17b97fa0730d7ebfb7!400x400.jpeg
~小鞠(๑ت๑)♡~❤️????,09月02日,?黑眼圈患,https://img2.woyaogexing.com/2020/09/02/8345efe0234748b2a28db4ab462a3a92!400x400.jpeg
迪士尼公主比基尼,08月28日,沐蝉時雪,https://img2.woyaogexing.com/2020/08/28/93a032ca01f7420faee122a9fbfc5f73!400x400.jpeg
林谙野/意境美图.你要先谋生，再,08月21日,Taurus(挽,https://img2.woyaogexing.com/2020/08/21/ebc43b7dda2844d69604de9c9971576f!400x400.jpeg
冬阳阻不住东奔西跑的北风,08月20日,kill/.舟舟,https://img2.woyaogexing.com/2020/08/20/b220b202faa6497fb38790bfedf0b225!400x400.jpeg
抽烟的女孩/图片来源于网络/插,08月13日,笠箢.苏阿,https://img2.woyaogexing.com/2020/08/13/7b8cf1408d284292bcc90ccd6c1df60d!400x400.jpeg
欧美风暴,08月13日,بۇگۇن,https://img2.woyaogexing.com/2020/08/13/a8d316f0dada4d08bc0b89ab4fccd9f0!400x400.jpeg
酷女生/   图片来源网络～,08月12日,笠箢.苏阿,https://img2.woyaogexing.com/2020/08/12/3fbca54f3fd54ad3b0689371981c040f!400x400.jpeg
欧美风格,08月05日,绝情非无情,https://img2.woyaogexing.com/2020/08/05/3dee11bdbf4b4472829ba589094a2690!400x400.jpeg
泰勒斯威夫特美图,08月04日,豆小憨,https://img2.woyaogexing.com/2020/08/04/c8dc58a8f8b44ec5923b200be8369e6b!400x400.jpeg
禁欲系女头.高冷.超拽.霸气.欧,07月31日,伊荁,https://img2.woyaogexing.com/2020/07/31/5b4d71daf8b84ea7b5fa1dd38f5e78ff!400x400.jpeg
雪梨 唯美欧美带字美图/明年夏,07月29日,雪梨香香子,https://img2.woyaogexing.com/2020/07/29/29bf8b89dde9460fbe613ba23b40aa83!400x400.jpeg
动漫黑白头像,07月12日,与月儿邀约,https://img2.woyaogexing.com/2020/07/12/c0d187dd26264112817a81cb45024072!400x400.jpeg
霉霉美图,07月10日,豆小憨,https://img2.woyaogexing.com/2020/07/10/a45fbcc9331d4fa08bc9556b76192680!400x400.jpeg
jennie 和lias,07月07日,M    .,https://img2.woyaogexing.com/2020/07/07/034dee88a4244c438f66749ffaf188f8!400x400.jpeg
好好看！,06月30日,sunshineXd,https://img2.woyaogexing.com/2020/06/30/8e2e2fcaa6a042bf81925fc169cf464e!400x400.jpeg
ins背景图：我好想再见你一面,06月26日,T.An,https://img2.woyaogexing.com/2020/06/26/eb2136e40a8c47e58a6474f4171023f1!400x400.jpeg
理想夏日✨,06月15日,矢遇.Pxt,https://img2.woyaogexing.com/2020/06/15/c409e9fbee7749bea0254cdb6bc8d9ba!400x400.jpeg
lisa,06月07日,倾心于你,https://img2.woyaogexing.com/2020/06/07/89c287f9417a4fa189a52315d3c3f0cf!400x400.jpeg
无文案，直接上图。,06月04日,喜则留，厌则,https://img2.woyaogexing.com/2020/06/04/a631246ff1a74adeb25cd5a9a15df26d!400x400.jpeg
"ᴴᵉʳᵉ ᵒⁿ ᵉᵃʳᵗʰ, ʲ",06月01日,Sehun.✨,https://img2.woyaogexing.com/2020/06/01/01d68f3638af42abb34a1eaad503a7f1!400x400.jpeg
欧美头像女生ins风高清,05月28日,爱人不易,https://img2.woyaogexing.com/2020/05/28/7857776fcf2a405e9af489cce2b27a36!400x400.jpeg
您.,05月22日,茶靡✨,https://img2.woyaogexing.com/2020/05/22/528dec86afa648fd8a22a1d9711691dc!400x400.jpeg
“如果是去见你，我会用跑的，因为,05月14日,慕容北,https://img2.woyaogexing.com/2020/05/14/d4c5112e213444c3b840d7cdd47fbe44!400x400.jpeg
优质女头,05月13日,部位图部落,https://img2.woyaogexing.com/2020/05/13/744800f3b28846af93ba38e20677f3ea!400x400.jpeg
甜蜜蜜桃月~欧美女孩#,05月10日,星星躲进我,https://img2.woyaogexing.com/2020/05/10/9678ad32818f42289597beb34daecc4b!400x400.jpeg
少女情怀总是诗,04月30日,Claire,https://img2.woyaogexing.com/2020/04/30/98cbe76bcb87460f915584230cc6a625!400x400.jpeg
落日余晖  待你而归。,04月28日,娮縸．,https://img2.woyaogexing.com/2020/04/28/172b2a636fef43c9ba50ec63b57d245a!400x400.jpeg
可,04月25日,漂亮.,https://img2.woyaogexing.com/2020/04/25/4b4d4b9f9ad3469aa4d1aae5af17fe62!400x400.jpeg
拽…是我的个性,04月24日,小可耐吖~,https://img2.woyaogexing.com/2020/04/24/bad860c0613f487383eab69cc1effc2f!400x400.jpeg
⑨¾,04月23日,RamFairy.,https://img2.woyaogexing.com/2020/04/23/00d745fe57634cb4a89f669acf4ff740!400x400.jpeg
你见，或者不见，我就在哪里，不悲不,04月22日,秦淮声-,https://img2.woyaogexing.com/2020/04/22/1e0ef4105a9048c7ba9833e3a7ba2935!400x400.jpeg
古代的女生,04月14日,外出不晚归,https://img2.woyaogexing.com/2020/04/14/402ea314e3a44c9e91945aa34836776f!400x400.jpeg
超个性英文美图    混入两张欧,04月11日,青俞。。,https://img2.woyaogexing.com/2020/04/11/6d6604754cf440cba63be788bd537d30!400x400.jpeg
油画,04月03日,有时间,https://img2.woyaogexing.com/2020/04/03/ca2631eb5ae0450694ffc307dccc299c!400x400.jpeg
阮玖/欧美范/圈子不同 不必强,03月31日,神仙阮玖.,https://img2.woyaogexing.com/2020/03/31/ea042f77f54c4a9ea4afdc0d949e32d0!400x400.jpeg
Lisa呀,03月26日,小兔.,https://img2.woyaogexing.com/2020/03/26/3e039d384e3248acb57e49c7fbff92bc!400x400.jpeg
Lisa图片,02月27日,芜荑.,https://img2.woyaogexing.com/2021/02/27/28839b26510042a8b72c496a4c32ca6a!400x400.jpeg
Rosè的美图 第一期,02月27日,芜荑.,https://img2.woyaogexing.com/2021/02/27/0964067f95924554870f5b76be4f544b!400x400.jpeg
|别人看不到你苦苦支撑的样子,02月08日,Z.7_0.094,https://img2.woyaogexing.com/2021/02/08/fe374f03aef2494c958be2abf8edb496!400x400.jpeg
都没对象，叫我句宝贝怎么了？,02月08日,Gɴᴇᴍᴏ,https://img2.woyaogexing.com/2021/02/08/6fe6b169da474dcf9cd902739bbe4cdb!400x400.jpeg
Taylor Swift,01月29日,AK纵火犯.,https://img2.woyaogexing.com/2021/01/29/f8529ebb025d45b590651a2958d0f1ef!400x400.jpeg
伊莎贝尔奥特曼＃海蒂和爷爷＃,01月23日,ʚ萘樱媄萊,https://img2.woyaogexing.com/2021/01/23/5f59f0109b87401f9037b72cfbc4b046!400x400.jpeg
“一定要和喜欢的人看海.”,12月14日,小音甜,https://img2.woyaogexing.com/2020/12/14/8e0392d48b604070b6e71200f5b7fed3!400x400.jpeg
O,11月29日,秦淮声-,https://img2.woyaogexing.com/2020/11/29/1628e3ab313c4b92a02934cdd2a1f432!400x400.jpeg
欧美//祝我们好在春夏秋冬,11月22日,秦淮声-,https://img2.woyaogexing.com/2020/11/22/a4b5eba4314445e78d5b836c9dac87bf!400x400.jpeg
好看的?,10月25日,放肆德依赖,https://img2.woyaogexing.com/2020/10/25/5f34665089c74ea7ad5989ec520428b7!400x400.jpeg
欧美风个女生头像。,10月07日,秋池,https://img2.woyaogexing.com/2020/10/07/8678fe17479f4a6d8ff70485a6a0b42d!400x400.jpeg
唯美欧美美女,09月25日,咬掉月亮.,https://img2.woyaogexing.com/2020/09/25/1ca9d7521bf94c17b97fa0730d7ebfb7!400x400.jpeg
~小鞠(๑ت๑)♡~❤️????,09月02日,?黑眼圈患,https://img2.woyaogexing.com/2020/09/02/8345efe0234748b2a28db4ab462a3a92!400x400.jpeg
迪士尼公主比基尼,08月28日,沐蝉時雪,https://img2.woyaogexing.com/2020/08/28/93a032ca01f7420faee122a9fbfc5f73!400x400.jpeg
林谙野/意境美图.你要先谋生，再,08月21日,Taurus(挽,https://img2.woyaogexing.com/2020/08/21/ebc43b7dda2844d69604de9c9971576f!400x400.jpeg
冬阳阻不住东奔西跑的北风,08月20日,kill/.舟舟,https://img2.woyaogexing.com/2020/08/20/b220b202faa6497fb38790bfedf0b225!400x400.jpeg
抽烟的女孩/图片来源于网络/插,08月13日,笠箢.苏阿,https://img2.woyaogexing.com/2020/08/13/7b8cf1408d284292bcc90ccd6c1df60d!400x400.jpeg
欧美风暴,08月13日,بۇگۇن,https://img2.woyaogexing.com/2020/08/13/a8d316f0dada4d08bc0b89ab4fccd9f0!400x400.jpeg
酷女生/   图片来源网络～,08月12日,笠箢.苏阿,https://img2.woyaogexing.com/2020/08/12/3fbca54f3fd54ad3b0689371981c040f!400x400.jpeg
欧美风格,08月05日,绝情非无情,https://img2.woyaogexing.com/2020/08/05/3dee11bdbf4b4472829ba589094a2690!400x400.jpeg
泰勒斯威夫特美图,08月04日,豆小憨,https://img2.woyaogexing.com/2020/08/04/c8dc58a8f8b44ec5923b200be8369e6b!400x400.jpeg
禁欲系女头.高冷.超拽.霸气.欧,07月31日,伊荁,https://img2.woyaogexing.com/2020/07/31/5b4d71daf8b84ea7b5fa1dd38f5e78ff!400x400.jpeg
雪梨 唯美欧美带字美图/明年夏,07月29日,雪梨香香子,https://img2.woyaogexing.com/2020/07/29/29bf8b89dde9460fbe613ba23b40aa83!400x400.jpeg
动漫黑白头像,07月12日,与月儿邀约,https://img2.woyaogexing.com/2020/07/12/c0d187dd26264112817a81cb45024072!400x400.jpeg
❤,07月27日,西柚小仙女,https://img2.woyaogexing.com/2019/07/27/bbd22ff2cbfd447790c183b18ef1619d!380x240.jpeg
允言/韩风女爱豆拼接壁纸,07月26日,M7.奷祎,https://img2.woyaogexing.com/2019/07/26/ced6221c8d2e410b9722e6d635ce68e9!380x240.jpeg
允言/韩风女爱豆,07月26日,M7.奷祎,https://img2.woyaogexing.com/2019/07/26/ee4f9ab95c754a04a73b87332c4f48a4!380x240.jpeg
什么使你难过 感情还是生活,07月25日,妍寻ོ欢ོ,https://img2.woyaogexing.com/2019/07/25/febb937b90744f9baaac55f1b59737d7!380x240.jpeg
美美哒的李知恩,07月24日,可甜,https://img2.woyaogexing.com/2019/07/24/4b71bf4ccc394fd0bda97e0aaffb0dc8!380x240.jpeg
妖娆,07月22日,樘梓,https://img2.woyaogexing.com/2019/07/22/05cf4976590748478d572b7afb5741e3!380x240.jpeg
"Haha,欧美女神在线想你竖中指/",07月17日,果冻九日,https://img2.woyaogexing.com/2019/07/17/c74ec529f52b42ccba14aa1bb705db2c!380x240.jpeg
允言/暖色系欧美美女美图,07月16日,M7.奷祎,https://img2.woyaogexing.com/2019/07/16/ba6bff91800243c9b3dd50d4ff7c881e!380x240.jpeg
允言/欧美婚纱美图,07月16日,M7.奷祎,https://img2.woyaogexing.com/2019/07/16/cb237628d6194381a321ce97f5e7fe3d!380x240.jpeg
欧美美女图片,07月11日,魔方甜点壁,https://img2.woyaogexing.com/2019/07/11/1a70cfc101ad4fb99ce1b72f779b7f4c!380x240.jpeg
我不会再相信了,07月10日,安沐✨,https://img2.woyaogexing.com/2019/07/10/1ea097cdd9bf4cd18f5fde155a7e303b!380x240.jpeg
回眸一笑，迷住我了（热巴）,07月08日,缨缨,https://img2.woyaogexing.com/2019/07/08/d3d99530a2db4d05803ea153deb11b2b!380x240.jpeg
允言/欧美性感美女美图,07月08日,M7.奷祎,https://img2.woyaogexing.com/2019/07/08/dfd82ed438ee47ae9fc927751c7cadcb!380x240.jpeg
祁九/欧美粉色系部位女,07月08日,祁九学长.,https://img2.woyaogexing.com/2019/07/08/e8f99456cc4645df9c25c84851729fa8!380x240.jpeg
允言/超拽气质欧美美女  也不,07月05日,.罪恶奷祎/,https://img2.woyaogexing.com/2019/07/05/4abc4f18e48b4c098767764868431c4e!380x240.jpeg
挚爱泫雅??❤,07月05日,袭月 .,https://img2.woyaogexing.com/2019/07/05/7916066206674408bcc25ad293a4ba8c!380x240.jpeg
欧美女生，背影壁纸,07月03日,魔方甜点壁,https://img2.woyaogexing.com/2019/07/03/48b5076c57c442e99ed8e6d7e62a109b!380x240.jpeg
允言  欧美气质女壁纸,07月01日,.罪恶奷祎/,https://img2.woyaogexing.com/2019/07/01/06145c6b273849db8b58c6907d0131a8!380x240.jpeg
这个明星小姐姐好看,06月29日,甜鑫家的甜,https://img2.woyaogexing.com/2019/06/29/c19de2ee7f914a91ba39049d449de42d!380x240.jpeg
我爱的姑娘，从来不需要懂事,07月01日,妍寻ོ欢ོ,https://img2.woyaogexing.com/2019/07/01/a6ae9097980e4d4ca09316a8f29633b6!380x240.jpeg
惆悵经年别 谢娘，月窗花院好风,06月28日,☁云蘿了,https://img2.woyaogexing.com/2019/06/28/b458267f33c64ceea00324fe06c1aea4!380x240.jpeg
欧美.清新,06月24日,?我好哇塞！,https://img2.woyaogexing.com/2019/06/24/929239fff744468eadcc1b5dd3de6b4d!380x240.jpeg
允言/清新可爱欧美女,06月20日,.罪恶奷祎/,https://img2.woyaogexing.com/2019/06/20/d3869f52721e4cc3b63cd0cc75f664a2!380x240.jpeg
允言/森系欧美女,06月20日,.罪恶奷祎/,https://img2.woyaogexing.com/2019/06/20/a5bf8ead16414b4ea314a2f51724d3c8!380x240.jpeg
但愿,04月07日,挟持,https://img2.woyaogexing.com/2022/04/07/5758611c3e734c74a9760babf44e1677!400x400.png
生来为享受，半点不将就,03月17日,嚭..,https://img2.woyaogexing.com/2022/03/17/a3a9e00ae22949b88ed6f9ae4322356b!400x400.jpeg
<高质量>小众    /野格.,02月02日,ㅤ野格ㅤ,https://img2.woyaogexing.com/2022/02/02/89ce67613ad74446b7361446586097d8!400x400.jpeg
微信头像+背景,01月27日,丹尼①⑧,https://img2.woyaogexing.com/2022/01/27/ec00d611d1304ac8bba9dc02d9952526!400x400.jpeg
.,01月22日,15318HN02v,https://img2.woyaogexing.com/2022/01/22/35e581b5a1244c02b059e2a064c1f3a8!400x400.jpeg
迪士尼,01月18日,ғᵃⁿ烦烦,https://img2.woyaogexing.com/2022/01/18/8ffeb2a07cd14ea2ad79115cec9d3288!400x400.jpeg
朋友圈背景图欧美,01月14日,松可梅子,https://img2.woyaogexing.com/2022/01/14/970abd79d33543f3a92448d974e4474e!400x400.jpeg
****♡***♡°°ᖭི༏ᖫྀ°,01月14日,松可梅子,https://img2.woyaogexing.com/2022/01/14/3ee2f88d758445fda9b74e8503ba115d!400x400.jpeg
西游记里犯最严重的错 才会被,12月16日,松可梅子,https://img2.woyaogexing.com/2021/12/16/0672983b2f8f4062bea2ba007eec2653!400x400.jpeg
把目光放在自己身上，外面的喧嚣,11月26日,风中king,https://img2.woyaogexing.com/2021/11/26/d2673a776e704dfebaafe1679b276a85!400x400.jpeg
很真诚 见不见面都在想念.,11月25日,凡凡的小窝,https://img2.woyaogexing.com/2021/11/25/5296c3b3a1704960a65124eb127a20bc!400x400.jpeg
好看1.0,11月21日,山野都有雾,https://img2.woyaogexing.com/2021/11/21/904616d9a98841eea49818e7c78025c9!400x400.jpeg
Kim Jisoo.,11月14日,ε恋逸日记,https://img2.woyaogexing.com/2021/11/14/35beb404a0b5436d8fb35715f6ecd3f3!400x400.jpeg
御姐壁纸～,10月22日,桃子吖丶,https://img2.woyaogexing.com/2021/10/22/950b54d9ad134583bd2e9e68d255b999!400x400.jpeg
♡,08月26日,♡M.,https://img2.woyaogexing.com/2021/08/26/89bedfe29550454d80b96558ca662c6d!400x400.jpeg
你的慢热和腼腆在别人眼里成了,08月01日,苏盛锦,https://img2.woyaogexing.com/2021/08/01/bcf6c267673c4b4e8a7c619370fe577c!400x400.jpeg
日出于东却落于西，相识人海却散,07月23日,要不要吃糖,https://img2.woyaogexing.com/2021/07/23/e6b89c06ae254a4ca6066e5f3f1f6018!400x400.jpeg
我无法阻止自己落俗，但可浪漫不,07月13日,要不要吃糖,https://img2.woyaogexing.com/2021/07/13/876846cf5fbc4497b4dff86fb484034e!400x400.jpeg
RC|?|He will love the sunset,07月06日,RICH阮春花,https://img2.woyaogexing.com/2021/07/06/f65e3d83adc444f3a383806bd4ebe2b1!400x400.jpeg
네가 나한테 소중한 사람이니,05月16日,江酒甜,https://img2.woyaogexing.com/2021/05/16/b3d16f79b3894c1586700548b1d63067!400x400.jpeg
闭上你的嘴，除非你在牙医的椅子,05月05日,落地.,https://img2.woyaogexing.com/2021/05/05/967a09a74e844368a21b1af9145de8c5!400x400.png
彩色头像,04月26日,18573KFPFc,https://img2.woyaogexing.com/2021/04/26/1b88919519dc4730b604f1a7a542d1b4!400x400.jpeg
霉霉.,04月20日,relelelele,https://img2.woyaogexing.com/2021/04/20/cb266363a0014f12a6095aef4df50ff3!400x400.jpeg
欧美图片漫画女生,03月26日,异客kekeke,https://img2.woyaogexing.com/2021/03/26/fbef9fc41cd546a6b24d9938846d5c61!400x400.jpeg
没心没肺 天天开心,10月02日,lacu.,https://img2.woyaogexing.com/2019/10/02/8a5738cf557d41c99cd68825fc6656e8!400x400.jpeg
我想和你一起闯进森林潜入海底,09月29日,蔺惜,https://img2.woyaogexing.com/2019/09/29/ace80312073245ad83a0f248be400924!400x400.jpeg
真想有个互相陪伴直到生命尽头,09月29日,蔺惜,https://img2.woyaogexing.com/2019/09/29/54e0ae9cbed04f1fa4db5fdb5060f3f0!400x400.jpeg
#漓樱#欧美系#喜欢拿走,09月28日,南宫漓樱,https://img2.woyaogexing.com/2019/09/28/7f7f044774ae4529ad146e5ed13593d7!400x400.jpeg
欧美壁纸欧美壁纸#漓樱,09月28日,南宫漓樱,https://img2.woyaogexing.com/2019/09/28/e00792eace24482bab48ded69109cd89!400x400.jpeg
#阡陌,09月25日,邹阡陌你家,https://img2.woyaogexing.com/2019/09/25/a41ea19840df43cd8cf536af2cf21f98!400x400.jpeg
ll莫瑶^同款仙女壁纸~,09月22日,ll莫瑶,https://img2.woyaogexing.com/2019/09/22/2670c76933cd45798ba37fb2c8d9193d!400x400.jpeg
ll莫瑶^仙女~,09月22日,ll莫瑶,https://img2.woyaogexing.com/2019/09/22/54fb4d4d68154140ae3e2e97d8c2057c!400x400.jpeg
斯嘉丽·约翰逊（寡姐）,09月21日,慕莎奶昔℡,https://img2.woyaogexing.com/2019/09/21/7cf661c31616497dacc1c7f107093fba!400x400.jpeg
好像 心里的那么那么多的话也,09月21日,易瑶.,https://img2.woyaogexing.com/2019/09/21/3c7cdd46eae34b358051b15aef866a1f!400x400.jpeg
星河万里，不辞辛苦奔向你,09月17日,小文静吖,https://img2.woyaogexing.com/2019/09/17/36c32bb3ff1844fe85f11a1845672483!400x400.jpeg
这壁纸爱了爱了,09月13日,玲玲一直在,https://img2.woyaogexing.com/2019/09/13/a4211eb634b34918bf38c41e2e7fbea5!380x240.jpeg
每天演好一个情绪稳定的成年人,09月06日,我要吃草莓,https://img2.woyaogexing.com/2019/09/06/95c17bafcc9c4d5d9734942cd2011880!380x240.jpeg
芯儿    唯美欧美图片,08月28日,芯儿⭕,https://img2.woyaogexing.com/2019/08/28/5fb2655c5a794345ad4756825bf74763!380x240.jpeg
芯儿    唯美欧美范图片,08月28日,芯儿⭕,https://img2.woyaogexing.com/2019/08/28/b9cc92e9d57c4ee49bf147cd45c42768!380x240.jpeg
超好看的仙女,08月26日,Fearless13,https://img2.woyaogexing.com/2019/08/26/c81cebe3d8714eeaaeae5c336acd784f!380x240.jpeg
你与星光同样浪漫.,08月25日,酥柚好吃吗,https://img2.woyaogexing.com/2019/08/25/7370208c292e4c6b8992ce37de60f59f!380x240.jpeg
我的霉霉！❤?,08月22日,三岁的推哥,https://img2.woyaogexing.com/2019/08/22/efcbf4eaddaa4ca291a3fb9db714626d!380x240.jpeg
警察说:女孩子尽管穿最漂亮的,08月15日,尘封、,https://img2.woyaogexing.com/2019/08/15/333a2bc423f94106ba06ce3e7d39c615!380x240.jpeg
绯红女巫❤️,08月05日,杏杏嗝团团,https://img2.woyaogexing.com/2019/08/05/8f5dc340f2264da4bc1bfc6b1f55a31f!380x240.jpeg
允言/黑衣欧阳娜娜,08月02日,M7.奷祎,https://img2.woyaogexing.com/2019/08/02/86828164efe94d598d3d422d36ffd247!380x240.jpeg
允言/欧美婚纱女,08月02日,M7.奷祎,https://img2.woyaogexing.com/2019/08/02/3fdc9e7f53aa46d08cf54ce10f5376f9!380x240.jpeg
海中月是天上月 眼前人是心上,08月02日,日九,https://img2.woyaogexing.com/2019/08/02/82fe81c1d1d1499b84ebbe5d61fe83e1!380x240.jpeg
你是我在人群一眼就认出，但又不,07月29日,批准发布,https://img2.woyaogexing.com/2019/07/29/18c932d35d044885926877161109b397!380x240.jpeg
允言/欧美气质女,06月20日,.罪恶奷祎/,https://img2.woyaogexing.com/2019/06/20/498fba4b0b064792ba79484b1b18f666!380x240.jpeg
【1熙】仙女壁纸,06月12日,白尚熙,https://img2.woyaogexing.com/2019/06/12/996d14463f164369af1c50690f348eb9!380x240.jpeg
人总是贪婪得 就像最开始我只,06月12日,妍寻ོ欢ོ,https://img2.woyaogexing.com/2019/06/12/237b73ee30294dad913993b97caad407!380x240.jpeg
"女孩子就是要适当的趾高气昂
",06月11日,扶摇666,https://img2.woyaogexing.com/2019/06/11/a366db68f45e45f198dd1bb09e2b06df!380x240.jpeg
你讲如何回忆我,06月08日,♡丶懒,https://img2.woyaogexing.com/2019/06/08/0ece0610a7e740abbb9e07c51aae9219!380x240.jpeg
超帅超美的小姐姐小哥哥,06月04日,小默兮,https://img2.woyaogexing.com/2019/06/04/dd2a4a0b881742acb62bcbb89d7146e9!380x240.jpeg
北极星小姐姐高清图片啦,05月31日,공연히,https://img2.woyaogexing.com/2019/05/31/bb36ab22b6214eb2af952cde6b350da5!380x240.jpeg
欧美/小姐姐/霸气,05月19日,苏甜甜想先,https://img2.woyaogexing.com/2019/05/19/23fe7f39c3c54f8fb9d46a66347e3033!380x240.jpeg
允言/欧美/人间太吵了 你来我,05月15日,.罪恶奷祎/,https://img2.woyaogexing.com/2019/05/15/297d2ed711f246b187887a12f7ab7958!380x240.jpeg
辞桉:绿色图片你应该会喜欢吧,05月15日,沈7安.,https://img2.woyaogexing.com/2019/05/15/62ed7d05657a42eb9ec6c9927a192240!380x240.jpeg
嗯呐呗，好看,05月15日,兔子宝贝,https://img2.woyaogexing.com/2019/05/15/95af49d696df419f8922cabb0d658d4c!380x240.jpeg
允言/欧美,05月14日,.罪恶奷祎/,https://img2.woyaogexing.com/2019/05/14/ac7e3d9a54de48218e4224eb5997f891!380x240.jpeg
允言/欧美美女/人的痛苦多来源,05月12日,.罪恶奷祎/,https://img2.woyaogexing.com/2019/05/12/8f430f9dfa7a4803b8d9c4ceffb00bc5!380x240.jpeg
允言/欧美美女/除了喜欢你，我心,05月12日,.罪恶奷祎/,https://img2.woyaogexing.com/2019/05/12/fe3997fd6ae043f68281b8288ac1b9ef!380x240.jpeg
捕捉一只小碧梨,04月28日,智利,https://img2.woyaogexing.com/2019/04/28/c0828dbcf0b34446b559d3bfcda88b82!380x240.jpeg
复联壁纸 | 十年陪伴 不说再见,04月27日,　　　　？  ,https://img2.woyaogexing.com/2019/04/27/52527a95dd6344cba25081141077f6fe!380x240.jpeg
复联壁纸 | 十年陪伴 不说再见,04月27日,　　　　？  ,https://img2.woyaogexing.com/2019/04/27/9b4f5634f2e0470589ebecd2252a116a!380x240.jpeg
啧！这颜值,04月23日,終わらない,https://img2.woyaogexing.com/2019/04/23/927968b1ec75482bb137a55b8240add1!380x240.jpeg
小丑女,04月15日,屿楠。,https://img2.woyaogexing.com/2019/04/15/d10d1b0cc4194c988553174f7e10deed!380x240.jpeg
社会人,04月13日,ༀ♕繁华あ,https://img2.woyaogexing.com/2019/04/13/20e2717c2ff84192a1216c003ed39d8d!380x240.jpeg
太过热情总是不被珍惜 这是真,04月15日,农民锅锅,https://img2.woyaogexing.com/2019/04/15/cbdfa70e7902400eb74ac6c31813db90!380x240.jpeg
欧美女图    我没时间弄这个的,03月31日,顾小,https://img2.woyaogexing.com/2019/03/31/122f446b3bb240d0a868152c97d4dcb1!380x240.jpeg
阿丽塔,03月27日,陌白_,https://img2.woyaogexing.com/2019/03/27/c59c707902f846b09e521c97bf7ea518!380x240.jpeg
寻欢/2019欧美壁纸/呵 男人？,03月20日,妍寻ོ欢ོ,https://img2.woyaogexing.com/2019/03/20/6b4f63a402044bb1a28a9c898a11ff67!380x240.jpeg
开不开心随风走,12月02日,花非花,https://img.woyaogexing.com/2016/12/02/058691a3cb1c7a86!380x240.jpg
酷GIRL,12月01日,趁早,https://img.woyaogexing.com/2016/12/01/619964de5d1b297e!380x240.jpg
时光请你善待她,12月01日,趁早,https://img.woyaogexing.com/2016/12/01/ab98205b442e6184!380x240.jpg
欧美潮流,11月30日,不二的青春,https://img.woyaogexing.com/2016/11/30/3d7b095fa57d5072!380x240.jpg
闺蜜情深,11月29日,趁早,https://img.woyaogexing.com/2016/11/29/1170090ccde573c8!380x240.jpg
柔光的暖阳,11月28日,趁早,https://img.woyaogexing.com/2016/11/28/3f1a8c4cb251cfd9!380x240.jpg
欧美伤感女图,11月28日,花非花,https://img.woyaogexing.com/2016/11/28/450334099f2b3dca!380x240.jpg
欧美重口味女图,11月24日,趁早,https://img.woyaogexing.com/2016/11/24/b77b15ffa9912cf9!380x240.jpg
霸气女神范儿,11月24日,花非花,https://img.woyaogexing.com/2016/11/24/dbd6c47ad1ce1421!380x240.jpg
欧美原宿风,11月22日,趁早,https://img.woyaogexing.com/2016/11/22/8dd7a6b7e303ea04!380x240.jpg
姐妹情 深似海,11月21日,趁早,https://img.woyaogexing.com/2016/11/21/9568a8a517615afd!380x240.jpg
欧美女生野性,11月15日,趁早,https://img.woyaogexing.com/2016/11/15/bf7930a28dc7236c!380x240.jpg
意中人,11月09日,趁早,https://img.woyaogexing.com/2016/11/09/cd01b076a17571eb!380x240.jpg
娇痞,11月08日,趁早,https://img.woyaogexing.com/2016/11/08/6eae3d4a919e91c1!380x240.jpg
半寸时光,11月07日,趁早,https://img.woyaogexing.com/2016/11/07/d1f2ac57452920e3!380x240.jpg
欧美个性重口味女图,11月01日,趁早,https://img.woyaogexing.com/2016/11/01/3f01ff852dddbf22!380x240.jpg
你的眼睛真好看.,10月29日,@兮妹,https://img.woyaogexing.com/2016/10/29/439c432a4105aadc!380x240.jpg
欧美姐妹图,10月20日,趁早,https://img.woyaogexing.com/2016/10/20/85e61fdfd7f63524!380x240.jpg
我喜欢你  你知道吗,10月18日,陌,https://img.woyaogexing.com/2016/10/18/c865df227e4a6f73!380x240.jpg
超唯美欧美风,10月17日,趁早,https://img.woyaogexing.com/2016/10/17/2dfefacf29d56b4b!380x240.jpg
欧美黑白重口味个性女图,10月11日,趁早,https://img.woyaogexing.com/2016/10/11/2115d2ed8ddce1c0!380x240.jpg
霸气外泄,09月22日,趁早,https://img.woyaogexing.com/2016/09/22/560a9087fc99f7aa!380x240.jpg
欧美女生图片,03月21日,我的青春是,https://img.woyaogexing.com/2016/03/21/08a8a593d77528af!250x250.jpg
欧美女人迷人图片,05月22日,keaiq,https://img.woyaogexing.com/2015/05/22/9a76d54ab7159fe7!250x250.jpg
池野 Lisa 源vb,03月16日,池野,https://img2.woyaogexing.com/2020/03/16/adb9ce9e6b734f6f98fa4bc85516fa41!400x400.jpeg
:),02月26日,凉栀菀歌,https://img2.woyaogexing.com/2020/02/26/e8e72261e3d143ceae794a47912ae289!400x400.jpeg
欧美女,02月16日,鹤灾,https://img2.woyaogexing.com/2020/02/16/95b3d6b4ad5846368ac92c4c4595abb8!400x400.jpeg
让风儿代替我去吻你,02月15日,⁢⁢⁢⁢Go,https://img2.woyaogexing.com/2020/02/15/66259cf593ac49b598b6ff1c691ed362!400x400.jpeg
我觉得你说的对,02月15日,藏獒吧,https://img2.woyaogexing.com/2020/02/15/d72d0692552e447bbf5898368b7b8614!400x400.jpeg
“让我心动和崩溃的永远是那些,02月09日,向辞,https://img2.woyaogexing.com/2020/02/09/2a804dab9d0e4060ba38f8b4cba8990c!400x400.jpeg
+ 十字之约 +,02月05日,讲故事的人,https://img2.woyaogexing.com/2020/02/05/95cc54fcef6442acbcf99727fc290c57!400x400.jpeg
林知晚  仙气欧美朋友圈背景图,02月03日,旧渊.林知,https://img2.woyaogexing.com/2020/02/03/3c65cfe915374457978cd3c47a39e788!400x400.jpeg
超酷的欧美女神像，爱死了！,02月01日,江来.,https://img2.woyaogexing.com/2020/02/01/e1807727d4a14e57a9ee5eb58bc8024a!400x400.jpeg
BLACKPINK,01月18日,$$$:),https://img2.woyaogexing.com/2020/01/18/341bd1debf844d86ab79024f4c1c9955!400x400.jpeg
老废物乐园,01月14日,讲故事的人,https://img2.woyaogexing.com/2020/01/14/a3cc1ee94a5b408793ecf5ecd2c7879b!400x400.jpeg
无人问津的港口总是开满鲜花?,01月03日,橘子红了٩,https://img2.woyaogexing.com/2020/01/03/1382fae1a9bc42229ea09528b9e97d3d!400x400.jpeg
画中美人  欧美意境图片,12月27日,异客ifr,https://img2.woyaogexing.com/2019/12/27/14e8a2e12bb64616bab8c3114e275fa3!400x400.jpeg
欧美图片  唯美舞者,12月25日,异客ifr,https://img2.woyaogexing.com/2019/12/25/d1149e0d7eed4bc2ad5a2dae57a4cac0!400x400.jpeg
“冬天到了  你打算什么时候去,12月09日,苏星妍,https://img2.woyaogexing.com/2019/12/09/ca33d35373d94c0ab90ff206a3850da2!400x400.jpeg
有个爱想和你谈，有个床想和你上,11月13日,炸鱼塘,https://img2.woyaogexing.com/2019/11/13/45a66078b1f1435498111e1ef1056db9!400x400.jpeg
小丑女鸭！,11月10日,ゞ萌妹纸的,https://img2.woyaogexing.com/2019/11/10/3de0f9e6e62e4cc4899dc2675443e75e!400x400.jpeg
沐糖,11月10日,名流.沐糖,https://img2.woyaogexing.com/2019/11/10/8825200c79ca45dbb5ba00361634485a!400x400.jpeg
沐糖/我都准备放弃你了，可是你,11月05日,名流.沐糖,https://img2.woyaogexing.com/2019/11/05/2fa082e5f80a40d4b484f58d21286092!400x400.jpeg
沐糖,11月05日,名流.沐糖,https://img2.woyaogexing.com/2019/11/05/f384706d1c81444f82992064daaad2bd!400x400.jpeg
第三波,10月13日,淼淼?,https://img2.woyaogexing.com/2019/10/13/d46d307e84ee42fdb180678eba29f8c1!400x400.jpeg
第二波,10月13日,淼淼?,https://img2.woyaogexing.com/2019/10/13/ab795d9fa3784f998a58ecb49e5b442a!400x400.jpeg
是仙女呀,10月13日,淼淼?,https://img2.woyaogexing.com/2019/10/13/fd390a52174745ce82c4b94de7498831!400x400.jpeg
猝不及防的心动，覆水难收,10月06日,镸樂,https://img2.woyaogexing.com/2019/10/06/a2200ff11ae04235a944dda602df6159!400x400.jpeg
喜欢你 胜于昨日略匮明朝,03月16日,甜誘.,https://img2.woyaogexing.com/2019/03/16/35364d879d21422ab3546d120d98b8b5!380x240.jpeg
文明出行，安全你我他,03月04日,3299,https://img2.woyaogexing.com/2019/03/04/8c09022cd5a2447486d6a79722086eb4!380x240.jpeg
玛莲娜,03月04日,DIEME下面2,https://img2.woyaogexing.com/2019/03/04/515dd37d77e94d94b3be5d483dfe4723!380x240.jpeg
欧美风,02月27日,老夫在线撩,https://img2.woyaogexing.com/2019/02/27/1064befa824e4624b549a4e4075bcfc0!380x240.jpeg
夜晚街景,02月26日,仓鼠先生,https://img2.woyaogexing.com/2019/02/26/9d3aa156438447ae87a7446adad49316!380x240.jpeg
唯美背景图,02月06日,小红薯,https://img2.woyaogexing.com/2019/02/06/8bb2d81aa9c84b5792fbcc31b56d57a1!380x240.jpeg
禁欲系图片.,01月17日,孟婆╯来碗,https://img2.woyaogexing.com/2019/01/17/3de9824ef774404489682e5007a3b8d0!380x240.jpeg
寻欢/欧美女生壁纸/三生有幸被,11月17日,妍寻欢,https://img2.woyaogexing.com/2018/11/17/3b01cfec4cdd4ab99babe49a9011a100!380x240.jpeg
欧美范,10月03日,猫骨ᝰ.,https://img2.woyaogexing.com/2018/10/03/3f477aec5a79440899dd7b64e71fb307!380x240.jpeg
美女欧美图片,07月12日,靓仔♡,https://img2.woyaogexing.com/2018/07/12/c16415f5e9fe47ea8a79e17680378f70!380x240.jpeg
欧美,07月08日,霖鰕,https://img2.woyaogexing.com/2018/07/08/06745b09116b46bca83d753b59b0d4d7!380x240.jpeg
星星跟你都遥不可及。,07月07日,沫࿆,https://img2.woyaogexing.com/2018/07/07/d63815ed37f347798cb6d7d82f9622e9!380x240.jpeg
好看欧美,06月15日,半夏ꪧ清风,https://img2.woyaogexing.com/2018/06/15/1eace4471b9f4619ae8c1e23d4210c57!380x240.jpeg
欧美好身材美女图片,06月14日,bright,https://img2.woyaogexing.com/2018/06/14/6dfeafee7aa2491db3c11e30e0254669!380x240.jpeg
好看的欧美背影图,05月07日,孤久成瘾づ,https://img2.woyaogexing.com/2018/05/07/1b437f9e77f3a5ef!380x240.jpg
壁纸,11月16日,贼可爱的狗,https://img2.woyaogexing.com/2017/11/16/a80529690c716454!380x240.jpg
野性欧美,11月12日,M.:墨夜笙2,https://img2.woyaogexing.com/2017/11/12/40abcec341bce590!380x240.jpg
欧美壁纸,11月05日,贼可爱的狗,https://img2.woyaogexing.com/2017/11/05/131cc963a3d7ccb6!380x240.jpg
欧美女,11月02日,贼可爱的狗,https://img2.woyaogexing.com/2017/11/02/a619057c091ce735!380x240.jpg
平胸也很美,10月23日,Taurus^挽,https://img2.woyaogexing.com/2017/10/23/bfd9880c3773fd8e!380x240.jpg
欧美女生个性图片,09月18日,Taurus^挽,https://img2.woyaogexing.com/2017/09/18/3cfb62f2968b417a!380x240.jpg
欧美女阳光的图片,09月14日,Taurus^挽,https://img2.woyaogexing.com/2017/09/14/b6016099d7ff22de!380x240.jpg
 最好的泰威斯威夫特,09月09日,$money$,https://img2.woyaogexing.com/2017/09/09/5a8bf0bbd6fa55d0!380x240.jpg
不露脸又超有feel的闺蜜照 ​ ,08月28日,Taurus^挽,https://img2.woyaogexing.com/2017/08/28/e611ef1b7df8ce34!380x240.jpg
欧美小姐姐,08月17日,$money$,https://img2.woyaogexing.com/2017/08/17/c3b88a96336a89bf!380x240.jpg
欧美,08月12日,一纸荒年,https://img2.woyaogexing.com/2017/08/12/1d49a522214afb26!380x240.jpg
欧美个性女生图片,08月09日,我的青春是,https://img2.woyaogexing.com/2017/08/09/3bc37d0ea9103e80!380x240.jpg
欧美夏日street style,07月04日,我的青春是,https://img2.woyaogexing.com/2017/07/04/3059fc0e05a3691a!380x240.jpg
欧美美女图片,07月03日,Taurus^挽,https://img2.woyaogexing.com/2017/07/03/d421ac0c07214835!380x240.jpg
开心就好 不管其他.,06月13日,Taurus^挽,https://img2.woyaogexing.com/2017/06/13/293e125e2f3eb078!380x240.jpg
Sexy,06月02日,我的青春是,https://img2.woyaogexing.com/2017/06/02/d42c4340b2137c05!380x240.jpg
吃醋是最明显的告白 等待是最,05月15日,Taurus^挽,https://img2.woyaogexing.com/2017/05/15/2f010bd8b04fa366!380x240.jpg
活出别致的高傲,05月09日,不二的青春,https://img2.woyaogexing.com/2017/05/09/41171f700492aee3!380x240.jpg
疯就要疯的够独特,04月14日,不二的青春,https://img2.woyaogexing.com/2017/04/14/4a9eed9fc2cde51a!380x240.jpg
睡美人,04月10日,Taurus^挽,https://img2.woyaogexing.com/2017/04/10/287b96b4f098d493!380x240.jpg
承蒙时光不弃,04月05日,Taurus^挽,https://img.woyaogexing.com/2017/04/05/1c5b2f6b2a849b1d!380x240.jpg
AVril L avgne艾薇儿，拉维尼,04月05日,浅笑,https://img.woyaogexing.com/2017/04/05/cae0671fb69242c4!380x240.jpg
美艳不可方物,03月30日,Taurus^挽,https://img.woyaogexing.com/2017/03/30/b283ecf66b724963!380x240.jpg
花开不败我的姿态,03月24日,我的青春是,https://img.woyaogexing.com/2017/03/24/7065e3636441a302!380x240.jpg
最美的你,01月16日,我的青春是,https://img.woyaogexing.com/2017/01/16/1a3259d43d3f306c!380x240.jpg
人体绘画艺术,12月29日,花非花,https://img.woyaogexing.com/2016/12/29/0635e1730d8388cb!380x240.jpg
该形容我有多想你才假装潇洒,12月29日,花非花,https://img.woyaogexing.com/2016/12/29/ed1c1e52f095e01d!380x240.jpg
彪悍的逻辑无需解释,12月28日,我的青春是,https://img.woyaogexing.com/2016/12/28/61248d4f57494729!380x240.jpg
做自己的时候，还能被人喜欢可真,12月26日,花非花,https://img.woyaogexing.com/2016/12/26/5e32f55277b7d4de!380x240.jpg
维密秀.,12月24日,◆Indulge,https://img.woyaogexing.com/2016/12/24/604adb5f6b85de2b!380x240.jpg
红毯上的GiGi简直美炸,12月14日,花非花,https://img.woyaogexing.com/2016/12/14/9ebaa9ef317a08b9!380x240.jpg
欧美美女时尚博主,12月09日,花非花,https://img.woyaogexing.com/2016/12/09/73784b86af126c59!380x240.jpg
浪荡少女,12月02日,趁早,https://img.woyaogexing.com/2016/12/02/2242b19597574749!380x240.jpg
